{
  "lang":"en",
  "name":"pipeline",
  "version":"0.0.0",
  "spacy_version":">=3.5.2,<3.6.0",
  "description":"",
  "author":"",
  "email":"",
  "url":"",
  "license":"",
  "spacy_git_version":"Unknown",
  "vectors":{
    "width":0,
    "vectors":0,
    "keys":0,
    "name":null,
    "mode":"default"
  },
  "labels":{
    "transformer":[

    ],
    "ner":[
      "AWARDS",
      "CERTIFICATION",
      "COLLEGE_NAME",
      "COMPANIES_WORKED_AT",
      "DEGREE",
      "DESIGNATION",
      "EMAIL_ADDRESS",
      "GRADUATION_YEAR",
      "LANGUAGE",
      "LINKEDIN_LINK",
      "LOCATION",
      "NAME",
      "SKILLS",
      "UNIVERSITY",
      "UNLABELLED",
      "WORKED_AS",
      "YEARS_OF_EXPERIENCE",
      "YEAR_OF_GRADUATION"
    ]
  },
  "pipeline":[
    "transformer",
    "ner"
  ],
  "components":[
    "transformer",
    "ner"
  ],
  "disabled":[

  ],
  "performance":{
    "ents_f":0.8409417169,
    "ents_p":0.8439706094,
    "ents_r":0.8379344872,
    "ents_per_type":{
      "NAME":{
        "p":0.9559322034,
        "r":0.94,
        "f":0.9478991597
      },
      "DESIGNATION":{
        "p":0.6206896552,
        "r":0.5242718447,
        "f":0.5684210526
      },
      "COMPANIES_WORKED_AT":{
        "p":0.8963878327,
        "r":0.8739573679,
        "f":0.8850305021
      },
      "LOCATION":{
        "p":0.836858006,
        "r":0.8147058824,
        "f":0.825633383
      },
      "EMAIL_ADDRESS":{
        "p":0.8163265306,
        "r":0.8695652174,
        "f":0.8421052632
      },
      "DEGREE":{
        "p":0.7684210526,
        "r":0.8133704735,
        "f":0.7902571042
      },
      "COLLEGE_NAME":{
        "p":0.7329192547,
        "r":0.5989847716,
        "f":0.6592178771
      },
      "GRADUATION_YEAR":{
        "p":0.6428571429,
        "r":0.421875,
        "f":0.5094339623
      },
      "LINKEDIN_LINK":{
        "p":0.9701492537,
        "r":0.9737827715,
        "f":0.9719626168
      },
      "SKILLS":{
        "p":0.8334892423,
        "r":0.7550847458,
        "f":0.7923521565
      },
      "LANGUAGE":{
        "p":0.8311111111,
        "r":0.8165938865,
        "f":0.8237885463
      },
      "WORKED_AS":{
        "p":0.8769657724,
        "r":0.870523416,
        "f":0.8737327189
      },
      "YEARS_OF_EXPERIENCE":{
        "p":0.8693652254,
        "r":0.9603658537,
        "f":0.9126026074
      },
      "UNIVERSITY":{
        "p":0.6271929825,
        "r":0.7988826816,
        "f":0.7027027027
      },
      "CERTIFICATION":{
        "p":0.8175965665,
        "r":0.8373626374,
        "f":0.8273615635
      },
      "YEAR_OF_GRADUATION":{
        "p":0.512195122,
        "r":0.3888888889,
        "f":0.4421052632
      },
      "UNKNOWN":{
        "p":0.0,
        "r":0.0,
        "f":0.0
      },
      "AWARDS":{
        "p":0.6202531646,
        "r":0.7777777778,
        "f":0.6901408451
      },
      "UNLABELLED":{
        "p":0.0,
        "r":0.0,
        "f":0.0
      },
      "CONTACT":{
        "p":0.0,
        "r":0.0,
        "f":0.0
      }
    },
    "transformer_loss":13727.9489393855,
    "ner_loss":6901.5987542707
  }
}